<?xml version="1.0" encoding="UTF-8"?>
<project-private xmlns="http://www.netbeans.org/ns/project-private/1">
    <editor-bookmarks xmlns="http://www.netbeans.org/ns/editor-bookmarks/2" lastBookmarkId="0"/>
    <open-files xmlns="http://www.netbeans.org/ns/projectui-open-files/2">
        <group>
            <file>file:/C:/Users/ICT%20Admin/Documents/NetBeansProjects/lab7/web/index.jsp</file>
            <file>file:/C:/Users/ICT%20Admin/Documents/NetBeansProjects/lab7/web/login.jsp</file>
            <file>file:/C:/Users/ICT%20Admin/Documents/NetBeansProjects/lab7/web/logout.jsp</file>
            <file>file:/C:/Users/ICT%20Admin/Documents/NetBeansProjects/lab7/web/addstudent.jsp</file>
            <file>file:/C:/Users/ICT%20Admin/Documents/NetBeansProjects/lab7/web/validate.jsp</file>
        </group>
    </open-files>
</project-private>
